{"cameraMode":{"drawMode":0,"name":"Shaded","section":"Shading Mode"},"sceneLighting":false,"audioPlay":false,"sceneViewState":{"showFog":true,"showMaterialUpdate":false,"showSkybox":false,"showFlares":true,"showImageEffects":true,"showParticleSystems":true},"in2DMode":false,"pivot":{"x":1.16158127784729,"y":2.350935697555542,"z":8.659002304077149},"rotation":{"x":0.20086874067783357,"y":-0.6209221482276917,"z":0.16883142292499543,"w":0.7386764287948608},"size":1.826737642288208,"orthographic":false}