{"cameraMode":{"drawMode":0,"name":"Shaded","section":"Shading Mode"},"sceneLighting":false,"audioPlay":false,"sceneViewState":{"showFog":true,"showMaterialUpdate":false,"showSkybox":false,"showFlares":true,"showImageEffects":true,"showParticleSystems":true},"in2DMode":false,"pivot":{"x":0.7034521102905273,"y":0.2537209987640381,"z":2.9127025604248049},"rotation":{"x":0.14184509217739106,"y":0.048971712589263919,"z":-0.0070697893388569359,"w":0.9886851906776428},"size":4.097797870635986,"orthographic":false}