{"cameraMode":{"drawMode":0,"name":"Shaded","section":"Shading Mode"},"sceneLighting":false,"audioPlay":false,"sceneViewState":{"showFog":true,"showMaterialUpdate":false,"showSkybox":false,"showFlares":true,"showImageEffects":true,"showParticleSystems":true},"in2DMode":false,"pivot":{"x":-0.7424907684326172,"y":0.40477585792541506,"z":0.4020374119281769},"rotation":{"x":0.1837785840034485,"y":-0.6745741367340088,"z":0.1790793091058731,"w":0.6921961903572083},"size":2.3786394596099855,"orthographic":false}