{"cameraMode":{"drawMode":0,"name":"Shaded","section":"Shading Mode"},"sceneLighting":false,"audioPlay":false,"sceneViewState":{"showFog":true,"showMaterialUpdate":false,"showSkybox":false,"showFlares":true,"showImageEffects":true,"showParticleSystems":true},"in2DMode":false,"pivot":{"x":1.2112464904785157,"y":5.923001289367676,"z":-1.882233738899231},"rotation":{"x":0.3494395315647125,"y":0.011243114247918129,"z":-0.004193507134914398,"w":0.9368817806243897},"size":8.735743522644043,"orthographic":true}