{"cameraMode":{"drawMode":0,"name":"Shaded","section":"Shading Mode"},"sceneLighting":false,"audioPlay":false,"sceneViewState":{"showFog":true,"showMaterialUpdate":false,"showSkybox":false,"showFlares":true,"showImageEffects":true,"showParticleSystems":true},"in2DMode":false,"pivot":{"x":0.10484766960144043,"y":0.9794725179672241,"z":0.3187653422355652},"rotation":{"x":0.22037090361118318,"y":-0.6005619764328003,"z":0.17691735923290254,"w":0.7479923367500305},"size":1.2127177715301514,"orthographic":false}