{"cameraMode":{"drawMode":0,"name":"Shaded","section":"Shading Mode"},"sceneLighting":false,"audioPlay":false,"sceneViewState":{"showFog":true,"showMaterialUpdate":false,"showSkybox":false,"showFlares":true,"showImageEffects":true,"showParticleSystems":true},"in2DMode":false,"pivot":{"x":-0.001777052879333496,"y":1.099998950958252,"z":0.009631097316741944},"rotation":{"x":0.20086874067783357,"y":-0.6209221482276917,"z":0.16883142292499543,"w":0.7386764287948608},"size":2.4756627082824709,"orthographic":false}