{"cameraMode":{"drawMode":0,"name":"Shaded","section":"Shading Mode"},"sceneLighting":false,"audioPlay":false,"sceneViewState":{"showFog":true,"showMaterialUpdate":false,"showSkybox":false,"showFlares":true,"showImageEffects":true,"showParticleSystems":true},"in2DMode":false,"pivot":{"x":0.27173948287963869,"y":0.5801671743392944,"z":0.08616074919700623},"rotation":{"x":0.21905779838562013,"y":-0.6227079629898071,"z":0.18750976026058198,"w":0.7274053692817688},"size":1.8127177953720093,"orthographic":false}