{"cameraMode":{"drawMode":0,"name":"Shaded","section":"Shading Mode"},"sceneLighting":false,"audioPlay":false,"sceneViewState":{"showFog":true,"showMaterialUpdate":false,"showSkybox":false,"showFlares":true,"showImageEffects":true,"showParticleSystems":true},"in2DMode":false,"pivot":{"x":-1.6570453643798829,"y":0.4352365732192993,"z":-1.5395424365997315},"rotation":{"x":0.05708567425608635,"y":-0.9012497663497925,"z":0.12516100704669953,"w":0.4109261929988861},"size":3.0127174854278566,"orthographic":false}