{"cameraMode":{"drawMode":0,"name":"Shaded","section":"Shading Mode"},"sceneLighting":true,"audioPlay":false,"sceneViewState":{"showFog":true,"showMaterialUpdate":false,"showSkybox":true,"showFlares":true,"showImageEffects":true,"showParticleSystems":true},"in2DMode":false,"pivot":{"x":-4.976226806640625,"y":-26.150390625,"z":-14.09765625},"rotation":{"x":-0.3466670513153076,"y":0.003976027015596628,"z":-0.0014228133950382472,"w":-0.9380323886871338},"size":17.248374938964845,"orthographic":true}