{"cameraMode":{"drawMode":0,"name":"Shaded","section":"Shading Mode"},"sceneLighting":false,"audioPlay":false,"sceneViewState":{"showFog":true,"showMaterialUpdate":false,"showSkybox":false,"showFlares":true,"showImageEffects":true,"showParticleSystems":true},"in2DMode":false,"pivot":{"x":0.0,"y":0.5508006811141968,"z":0.05474141240119934},"rotation":{"x":0.2546989917755127,"y":-0.619533360004425,"z":0.2225152552127838,"w":0.7084265947341919},"size":0.7096248269081116,"orthographic":true}