{"cameraMode":{"drawMode":0,"name":"Shaded","section":"Shading Mode"},"sceneLighting":false,"audioPlay":false,"sceneViewState":{"showFog":true,"showMaterialUpdate":false,"showSkybox":false,"showFlares":true,"showImageEffects":true,"showParticleSystems":true},"in2DMode":false,"pivot":{"x":1.1196928024291993,"y":0.8013918399810791,"z":-0.19426441192626954},"rotation":{"x":0.24624064564704896,"y":0.30470773577690127,"z":-0.08187492191791535,"w":0.9164150357246399},"size":3.05873441696167,"orthographic":false}