{"cameraMode":{"drawMode":0,"name":"Shaded","section":"Shading Mode"},"sceneLighting":false,"audioPlay":false,"sceneViewState":{"showFog":true,"showMaterialUpdate":false,"showSkybox":false,"showFlares":true,"showImageEffects":true,"showParticleSystems":true},"in2DMode":false,"pivot":{"x":0.5599203109741211,"y":0.7606866359710693,"z":0.35137587785720827},"rotation":{"x":0.22263255715370179,"y":-0.576312780380249,"z":0.16695824265480042,"w":0.7684096097946167},"size":2.078639268875122,"orthographic":false}