{"cameraMode":{"drawMode":0,"name":"Shaded","section":"Shading Mode"},"sceneLighting":false,"audioPlay":false,"sceneViewState":{"showFog":true,"showMaterialUpdate":false,"showSkybox":false,"showFlares":true,"showImageEffects":true,"showParticleSystems":true},"in2DMode":false,"pivot":{"x":0.9071700572967529,"y":3.2000293731689455,"z":-1.4136755466461182},"rotation":{"x":0.3494395315647125,"y":0.011243114247918129,"z":-0.004193507134914398,"w":0.9368817806243897},"size":5.67136812210083,"orthographic":true}