{"cameraMode":{"drawMode":0,"name":"Shaded","section":"Shading Mode"},"sceneLighting":false,"audioPlay":false,"sceneViewState":{"showFog":true,"showMaterialUpdate":false,"showSkybox":false,"showFlares":true,"showImageEffects":true,"showParticleSystems":true},"in2DMode":false,"pivot":{"x":-0.3958296775817871,"y":1.1953953504562379,"z":1.2767887115478516},"rotation":{"x":0.11762769520282746,"y":-0.5417571663856506,"z":0.07689797133207321,"w":0.8287038803100586},"size":2.7416419982910158,"orthographic":false}