{"cameraMode":{"drawMode":0,"name":"Shaded","section":"Shading Mode"},"sceneLighting":false,"audioPlay":false,"sceneViewState":{"showFog":true,"showMaterialUpdate":false,"showSkybox":false,"showFlares":true,"showImageEffects":true,"showParticleSystems":true},"in2DMode":false,"pivot":{"x":0.6368664503097534,"y":1.4181606769561768,"z":0.14316129684448243},"rotation":{"x":0.010188703425228596,"y":0.9888112545013428,"z":-0.125254824757576,"w":0.08056790381669998},"size":2.0763723850250246,"orthographic":false}