{"cameraMode":{"drawMode":0,"name":"Shaded","section":"Shading Mode"},"sceneLighting":true,"audioPlay":false,"sceneViewState":{"showFog":true,"showMaterialUpdate":false,"showSkybox":true,"showFlares":true,"showImageEffects":true,"showParticleSystems":true},"in2DMode":false,"pivot":{"x":2.0751571655273439,"y":11.7685546875,"z":-19.3515625},"rotation":{"x":0.13458937406539918,"y":-0.0029727027285844089,"z":0.0004037268226966262,"w":0.9908962249755859},"size":6.904047966003418,"orthographic":true}