{"cameraMode":{"drawMode":0,"name":"Shaded","section":"Shading Mode"},"sceneLighting":false,"audioPlay":false,"sceneViewState":{"showFog":true,"showMaterialUpdate":false,"showSkybox":false,"showFlares":true,"showImageEffects":true,"showParticleSystems":true},"in2DMode":false,"pivot":{"x":0.0,"y":0.2831652760505676,"z":1.1920928955078126e-7},"rotation":{"x":0.336773544549942,"y":0.009870290756225586,"z":-0.003574138507246971,"w":0.9415559768676758},"size":1.9977980852127076,"orthographic":false}