{"cameraMode":{"drawMode":0,"name":"Shaded","section":"Shading Mode"},"sceneLighting":false,"audioPlay":false,"sceneViewState":{"showFog":true,"showMaterialUpdate":false,"showSkybox":false,"showFlares":true,"showImageEffects":true,"showParticleSystems":true},"in2DMode":false,"pivot":{"x":-1.3609949350357056,"y":0.44455504417419436,"z":2.2989916801452638},"rotation":{"x":0.20853246748447419,"y":-0.11268213391304016,"z":0.024178842082619668,"w":0.97121661901474},"size":3.278639078140259,"orthographic":false}