{"cameraMode":{"drawMode":0,"name":"Shaded","section":"Shading Mode"},"sceneLighting":false,"audioPlay":false,"sceneViewState":{"showFog":true,"showMaterialUpdate":false,"showSkybox":false,"showFlares":true,"showImageEffects":true,"showParticleSystems":true},"in2DMode":false,"pivot":{"x":0.29780077934265139,"y":0.8379907608032227,"z":0.012709647417068482},"rotation":{"x":0.20483295619487763,"y":-0.6262457370758057,"z":0.1753316968679428,"w":0.7315382361412048},"size":1.778639554977417,"orthographic":false}