{"cameraMode":{"drawMode":0,"name":"Shaded","section":"Shading Mode"},"sceneLighting":false,"audioPlay":false,"sceneViewState":{"showFog":true,"showMaterialUpdate":false,"showSkybox":false,"showFlares":true,"showImageEffects":true,"showParticleSystems":true},"in2DMode":false,"pivot":{"x":0.007772564888000488,"y":-0.021592319011688234,"z":-0.039851486682891849},"rotation":{"x":0.20086874067783357,"y":-0.6209221482276917,"z":0.16883142292499543,"w":0.7386764287948608},"size":0.3607909083366394,"orthographic":false}