{"cameraMode":{"drawMode":0,"name":"Shaded","section":"Shading Mode"},"sceneLighting":false,"audioPlay":false,"sceneViewState":{"showFog":true,"showMaterialUpdate":false,"showSkybox":false,"showFlares":true,"showImageEffects":true,"showParticleSystems":true},"in2DMode":false,"pivot":{"x":0.0679931640625,"y":0.53021240234375,"z":0.14245986938476563},"rotation":{"x":0.18032601475715638,"y":-0.6982517838478088,"z":0.18862338364124299,"w":0.6666509509086609},"size":0.7108616232872009,"orthographic":true}