{"cameraMode":{"drawMode":0,"name":"Shaded","section":"Shading Mode"},"sceneLighting":false,"audioPlay":false,"sceneViewState":{"showFog":true,"showMaterialUpdate":false,"showSkybox":false,"showFlares":true,"showImageEffects":true,"showParticleSystems":true},"in2DMode":false,"pivot":{"x":-0.03336143493652344,"y":6.178905487060547,"z":-1.020491123199463},"rotation":{"x":0.3494395315647125,"y":0.011243114247918129,"z":-0.004193507134914398,"w":0.9368817806243897},"size":5.664929389953613,"orthographic":true}