{"cameraMode":{"drawMode":0,"name":"Shaded","section":"Shading Mode"},"sceneLighting":false,"audioPlay":false,"sceneViewState":{"showFog":true,"showMaterialUpdate":false,"showSkybox":false,"showFlares":true,"showImageEffects":true,"showParticleSystems":true},"in2DMode":false,"pivot":{"x":0.0699799507856369,"y":0.08912158012390137,"z":-0.0258331298828125},"rotation":{"x":0.3480638563632965,"y":0.002803186886012554,"z":-0.0010633965721353889,"w":0.937485933303833},"size":2.0142135620117189,"orthographic":false}