{"cameraMode":{"drawMode":0,"name":"Shaded","section":"Shading Mode"},"sceneLighting":false,"audioPlay":false,"sceneViewState":{"showFog":true,"showMaterialUpdate":false,"showSkybox":false,"showFlares":true,"showImageEffects":true,"showParticleSystems":true},"in2DMode":false,"pivot":{"x":-1.6224541664123536,"y":0.11765432357788086,"z":-1.7325786352157593},"rotation":{"x":0.058701492846012118,"y":-0.8549102544784546,"z":0.09917467087507248,"w":0.5058484673500061},"size":3.612717390060425,"orthographic":false}