{"cameraMode":{"drawMode":0,"name":"Shaded","section":"Shading Mode"},"sceneLighting":true,"audioPlay":false,"sceneViewState":{"showFog":true,"showMaterialUpdate":false,"showSkybox":true,"showFlares":true,"showImageEffects":true,"showParticleSystems":true},"in2DMode":false,"pivot":{"x":-1.8484840393066407,"y":-18.17007827758789,"z":-28.73828125},"rotation":{"x":0.4105079174041748,"y":-0.004139748401939869,"z":0.001771019771695137,"w":0.9118865132331848},"size":7.9435906410217289,"orthographic":false}