{"cameraMode":{"drawMode":0,"name":"Shaded","section":"Shading Mode"},"sceneLighting":false,"audioPlay":false,"sceneViewState":{"showFog":true,"showMaterialUpdate":false,"showSkybox":false,"showFlares":true,"showImageEffects":true,"showParticleSystems":true},"in2DMode":false,"pivot":{"x":-0.30224609375,"y":1.8416748046875,"z":11.99609375},"rotation":{"x":0.2137218862771988,"y":-0.07318852096796036,"z":0.01605926640331745,"w":0.9740172624588013},"size":1.9827203750610352,"orthographic":true}