{"cameraMode":{"drawMode":0,"name":"Shaded","section":"Shading Mode"},"sceneLighting":false,"audioPlay":false,"sceneViewState":{"showFog":true,"showMaterialUpdate":false,"showSkybox":false,"showFlares":true,"showImageEffects":true,"showParticleSystems":true},"in2DMode":false,"pivot":{"x":1.6810302734375,"y":5.181015968322754,"z":-2.2524285316467287},"rotation":{"x":0.3494395315647125,"y":0.011243114247918129,"z":-0.004193507134914398,"w":0.9368817806243897},"size":7.2614288330078129,"orthographic":true}