{"cameraMode":{"drawMode":0,"name":"Shaded","section":"Shading Mode"},"sceneLighting":false,"audioPlay":false,"sceneViewState":{"showFog":true,"showMaterialUpdate":false,"showSkybox":false,"showFlares":true,"showImageEffects":true,"showParticleSystems":true},"in2DMode":false,"pivot":{"x":-0.0455322265625,"y":0.8034210205078125,"z":-0.7399997711181641},"rotation":{"x":0.2187231183052063,"y":0.0014491839101538063,"z":-0.00038053677417337894,"w":0.9758161306381226},"size":2.598076105117798,"orthographic":false}