{"cameraMode":{"drawMode":0,"name":"Shaded","section":"Shading Mode"},"sceneLighting":false,"audioPlay":false,"sceneViewState":{"showFog":true,"showMaterialUpdate":false,"showSkybox":false,"showFlares":true,"showImageEffects":true,"showParticleSystems":true},"in2DMode":false,"pivot":{"x":-0.029200032353401185,"y":0.26805007457733157,"z":0.9978999495506287},"rotation":{"x":0.24624064564704896,"y":0.30470773577690127,"z":-0.08187492191791535,"w":0.9164150357246399},"size":0.5119238495826721,"orthographic":false}