{"cameraMode":{"drawMode":0,"name":"Shaded","section":"Shading Mode"},"sceneLighting":false,"audioPlay":false,"sceneViewState":{"showFog":true,"showMaterialUpdate":false,"showSkybox":false,"showFlares":true,"showImageEffects":true,"showParticleSystems":true},"in2DMode":false,"pivot":{"x":-0.6261916160583496,"y":0.49575066566467287,"z":0.29079675674438479},"rotation":{"x":0.24230508506298066,"y":-0.5003544688224793,"z":0.14821074903011323,"w":0.8179225325584412},"size":1.8127177953720093,"orthographic":false}