{"cameraMode":{"drawMode":0,"name":"Shaded","section":"Shading Mode"},"sceneLighting":false,"audioPlay":false,"sceneViewState":{"showFog":true,"showMaterialUpdate":false,"showSkybox":false,"showFlares":true,"showImageEffects":true,"showParticleSystems":true},"in2DMode":false,"pivot":{"x":-0.816972017288208,"y":-1.00053071975708,"z":1.9652729034423829},"rotation":{"x":0.18049311637878419,"y":-0.013288255780935288,"z":0.0023945532739162447,"w":0.9835171699523926},"size":3.197798013687134,"orthographic":false}