{"cameraMode":{"drawMode":0,"name":"Shaded","section":"Shading Mode"},"sceneLighting":false,"audioPlay":false,"sceneViewState":{"showFog":true,"showMaterialUpdate":false,"showSkybox":false,"showFlares":true,"showImageEffects":true,"showParticleSystems":true},"in2DMode":false,"pivot":{"x":-0.1103658676147461,"y":1.2594411373138428,"z":0.44823789596557619},"rotation":{"x":-0.0284254290163517,"y":0.9716139435768127,"z":-0.16478051245212556,"w":-0.16748164594173432},"size":1.3627092838287354,"orthographic":false}