{"cameraMode":{"drawMode":0,"name":"Shaded","section":"Shading Mode"},"sceneLighting":true,"audioPlay":false,"sceneViewState":{"showFog":true,"showMaterialUpdate":false,"showSkybox":true,"showFlares":true,"showImageEffects":true,"showParticleSystems":true},"in2DMode":false,"pivot":{"x":-6.837646484375,"y":-17.62158203125,"z":-26.3173828125},"rotation":{"x":0.22611773014068604,"y":-0.10791302472352982,"z":0.02503075823187828,"w":0.9678235650062561},"size":6.63104248046875,"orthographic":true}