{"cameraMode":{"drawMode":0,"name":"Shaded","section":"Shading Mode"},"sceneLighting":true,"audioPlay":false,"sceneViewState":{"showFog":true,"showMaterialUpdate":false,"showSkybox":true,"showFlares":true,"showImageEffects":true,"showParticleSystems":true},"in2DMode":false,"pivot":{"x":-3.218719482421875,"y":-20.57421875,"z":-22.310546875},"rotation":{"x":0.3409939110279083,"y":0.01128041185438633,"z":-0.004092136863619089,"w":0.9399892687797546},"size":8.815929412841797,"orthographic":true}