{"cameraMode":{"drawMode":0,"name":"Shaded","section":"Shading Mode"},"sceneLighting":false,"audioPlay":false,"sceneViewState":{"showFog":true,"showMaterialUpdate":false,"showSkybox":false,"showFlares":true,"showImageEffects":true,"showParticleSystems":true},"in2DMode":false,"pivot":{"x":0.1116943359375,"y":0.47979736328125,"z":0.0902099609375},"rotation":{"x":0.1775559037923813,"y":-0.7906010746955872,"z":0.2693827748298645,"w":0.5205129384994507},"size":0.46533024311065676,"orthographic":true}