{"cameraMode":{"drawMode":0,"name":"Shaded","section":"Shading Mode"},"sceneLighting":false,"audioPlay":false,"sceneViewState":{"showFog":true,"showMaterialUpdate":false,"showSkybox":false,"showFlares":true,"showImageEffects":true,"showParticleSystems":true},"in2DMode":false,"pivot":{"x":0.11551284790039063,"y":2.27886962890625,"z":-0.212890625},"rotation":{"x":0.08838104456663132,"y":-0.008965541608631611,"z":0.0007935869507491589,"w":0.9960513114929199},"size":1.0141706466674805,"orthographic":true}