{"cameraMode":{"drawMode":0,"name":"Shaded","section":"Shading Mode"},"sceneLighting":false,"audioPlay":false,"sceneViewState":{"showFog":true,"showMaterialUpdate":false,"showSkybox":false,"showFlares":true,"showImageEffects":true,"showParticleSystems":true},"in2DMode":false,"pivot":{"x":1.163330078125,"y":0.4443359375,"z":3.2685546875},"rotation":{"x":0.009472758509218693,"y":-0.9905350208282471,"z":0.09238766133785248,"w":0.10168564319610596},"size":3.1089653968811037,"orthographic":true}