{"cameraMode":{"drawMode":0,"name":"Shaded","section":"Shading Mode"},"sceneLighting":false,"audioPlay":false,"sceneViewState":{"showFog":true,"showMaterialUpdate":false,"showSkybox":false,"showFlares":true,"showImageEffects":true,"showParticleSystems":true},"in2DMode":false,"pivot":{"x":-0.2526664733886719,"y":0.7286376953125,"z":-0.113525390625},"rotation":{"x":0.2124948352575302,"y":0.057126760482788089,"z":-0.012445159256458283,"w":0.9754119515419006},"size":1.9133150577545167,"orthographic":true}