{"cameraMode":{"drawMode":0,"name":"Shaded","section":"Shading Mode"},"sceneLighting":true,"audioPlay":false,"sceneViewState":{"showFog":true,"showMaterialUpdate":false,"showSkybox":false,"showFlares":true,"showImageEffects":true,"showParticleSystems":true},"in2DMode":false,"pivot":{"x":0.08319091796875,"y":3.689453125,"z":3.54296875},"rotation":{"x":0.3494395315647125,"y":0.011243114247918129,"z":-0.004193507134914398,"w":0.9368817806243897},"size":24.595123291015626,"orthographic":true}